{
  "future_gig_retention_Yes": 0.14267262816429138,
  "days_worked_per_week_7": 0.05538155511021614,
  "weekly_earnings_6000 - 10000": 0.03304663673043251,
  "likely_attrition_reason_Getting a full-time job": 0.03186210244894028,
  "weekly_earnings_Above 10000": 0.03051692061126232,
  "prefer_fixed_salary_job_No": 0.02922034077346325,
  "retention_if_no_incentive_Not sure": 0.028823068365454674,
  "job_satisfaction": 0.028009086847305298,
  "expected_gig_duration_More than 2 years": 0.027037950232625008,
  "age_group_28-35": 0.02635144628584385,
  "weekly_target_completion_Rarely": 0.023916006088256836,
  "primary_retention_reason_Incentives and bonuses": 0.022262567654252052,
  "performance_incentive_Rarely": 0.021877586841583252,
  "retention_if_no_incentive_Yes": 0.02176111936569214,
  "employment_status_before_gig_Working Professional": 0.018785588443279266,
  "incentive_motivation": 0.01871180720627308,
  "incentive_contribution_Very high contribution": 0.018526239320635796,
  "weekly_target_completion_Sometimes": 0.01671212911605835,
  "employment_status_before_gig_Unemployed": 0.015576074831187725,
  "preferred_time_Evening": 0.015561207197606564,
  "preferred_time_Night": 0.015559875406324863,
  "vehicle_type_Electric Vehicle": 0.015522661618888378,
  "rain_incentive_Yes": 0.014816159382462502,
  "vehicle_expense_300-700": 0.014664296992123127,
  "rain_incentive_Not applicable (do not work in rain)": 0.014594171196222305,
  "primary_retention_reason_Lack of better job opportunities": 0.014138185419142246,
  "days_worked_per_week_3-4": 0.013660157099366188,
  "avg_work_hours_per_day_More than 8 hours": 0.013325409963726997,
  "avg_work_hours_per_day_Less than 4 hours": 0.012968569062650204,
  "likely_attrition_reason_Health or physical strain": 0.012966814450919628,
  "work_days_Mostly weekends": 0.012417777441442013,
  "expense_impact_on_income": 0.011776790954172611,
  "employment_status_before_gig_Student": 0.01173684373497963,
  "weekly_earnings_Below 3000": 0.011193862184882164,
  "avg_work_hours_per_day_6-8 hours": 0.010770541615784168,
  "vehicle_expense_Less than 300": 0.010286782868206501,
  "prefer_fixed_salary_job_Yes": 0.010206474922597408,
  "highest_education_Undergraduate degree (UG)": 0.010075349360704422,
  "performance_incentive_Yes regularly": 0.00941398460417986,
  "health_impact_No issue": 0.009248370304703712,
  "health_impact_Minor issue": 0.009121117182075977,
  "expected_gig_duration_6 months - 1 year": 0.008931894786655903,
  "primary_retention_reason_Immediate and regular income": 0.008413678035140038,
  "expected_gig_duration_Less than 6 months": 0.008025315590202808,
  "gig_experience_More than 1 year": 0.007713629398494959,
  "delivery_reliability": 0.0073312921449542046,
  "gig_primary_income_No this is my secondary job": 0.00732982624322176,
  "gig_experience_Less than 3 months": 0.007302063517272472,
  "likely_attrition_reason_Low earnings": 0.007237808313220739,
  "preferred_time_Flexible": 0.006785023491829634,
  "performance_incentive_Yes occasionally": 0.00671594450250268,
  "preferred_time_Morning": 0.006447748281061649,
  "gig_primary_income_Yes this is my primary job": 0.006350021343678236,
  "festival_incentive_Yes": 0.005799529142677784,
  "work_days_Mostly weekdays": 0.005004524253308773,
  "incentive_contribution_Moderate contribution": 0.0048757693730294704,
  "age_group_23-27": 0.004838117398321629,
  "days_worked_per_week_5-6": 0.004509920720010996,
  "vehicle_expense_More than 1200": 0.001311577158048749,
  "age_group_36-49": 0.0,
  "highest_education_Postgraduate degree (PG)": 0.0,
  "highest_education_School Level": 0.0,
  "gig_experience_6-12 months": 0.0,
  "incentive_contribution_No incentives": 0.0,
  "festival_incentive_Not sure": 0.0,
  "weekly_target_completion_Never": 0.0,
  "vehicle_type_Cycle": 0.0,
  "vehicle_expense_700-1200": 0.0,
  "likely_attrition_reason_Reduction in incentives": 0.0,
  "likely_attrition_reason_Vehicle or fuel cost issues": 0.0,
  "primary_retention_reason_Independence / being your own boss": 0.0,
  "primary_retention_reason_Staying active (post-retirement)": 0.0,
  "primary_retention_reason_Supplementary / secondary income": 0.0
}